Date,Food ,Beer ,Smoke,Games,Books,Hshld,Clths,Hlth ,Chems,Txtls,Cnstr,Steel,FabPr,ElcEq,Autos,Carry,Mines,Coal ,Oil  ,Util ,Telcm,Servs,BusEq,Paper,Trans,Whlsl,Rtail,Meals,Fin  ,Other,Average
01/01/1973,0,0,0,0,0,0,0,0,0,0,0,0,0,0,0,0,0,0,0,0,0,0,0,0,0,0,0,0,0,0,0
01/02/1973,0.78%,6.53%,3.47%,-7.04%,-0.01%,3.70%,-5.15%,3.89%,4.22%,-3.73%,-2.86%,3.00%,0.83%,-1.57%,-2.11%,-0.23%,9.57%,4.51%,-2.82%,2.62%,-0.04%,-4.19%,1.72%,0.92%,-1.55%,-1.76%,-1.27%,-7.90%,-1.54%,-1.87%,0.00%
01/03/1973,0.48%,8.31%,5.01%,-10.20%,-0.80%,3.20%,-8.74%,5.63%,5.90%,-2.35%,-3.27%,7.71%,-2.17%,-0.66%,-3.46%,-0.77%,9.03%,6.13%,1.13%,1.32%,1.38%,-6.28%,1.34%,3.10%,2.60%,-6.84%,-6.66%,-5.74%,-1.07%,-2.56%,0.00%
01/04/1973,2.77%,9.66%,2.30%,-12.33%,-6.64%,4.10%,-10.34%,6.53%,8.76%,-2.87%,-0.87%,13.27%,-1.94%,-4.45%,-0.34%,-1.78%,14.80%,2.72%,6.52%,7.15%,8.67%,-7.99%,1.00%,4.55%,0.31%,-8.19%,-8.16%,-16.06%,-2.72%,-5.29%,0.00%
01/05/1973,5.30%,12.73%,3.74%,-14.78%,-6.19%,7.12%,-14.02%,11.22%,11.18%,-5.16%,-1.64%,11.20%,-1.58%,0.48%,-3.01%,-2.93%,16.25%,4.08%,6.39%,11.10%,11.38%,-12.75%,1.93%,10.05%,-6.86%,-11.87%,-6.55%,-18.03%,-2.65%,-9.54%,0.00%
01/06/1973,4.99%,14.88%,10.66%,-20.73%,-7.51%,11.85%,-22.38%,14.63%,12.84%,-7.33%,-1.13%,11.61%,-0.48%,6.89%,-2.97%,-7.76%,23.19%,-3.24%,11.44%,11.75%,14.42%,-17.27%,5.01%,12.45%,-9.03%,-13.92%,-8.81%,-23.25%,2.81%,-9.05%,0.00%
01/07/1973,2.65%,11.74%,7.62%,-14.81%,-5.28%,7.98%,-18.74%,13.21%,11.82%,-5.44%,4.04%,10.48%,3.65%,7.55%,-5.24%,-2.24%,22.77%,-14.83%,2.82%,0.01%,4.79%,-9.18%,1.31%,9.34%,-9.11%,-6.97%,-7.19%,-16.16%,3.80%,-9.45%,0.00%
01/08/1973,3.82%,13.42%,3.06%,-13.79%,-6.12%,6.50%,-22.71%,8.91%,13.27%,-6.84%,5.03%,15.12%,9.46%,5.23%,-5.36%,-3.15%,27.10%,-21.54%,2.24%,1.03%,3.93%,-8.40%,0.70%,17.27%,-9.87%,-5.69%,-8.69%,-15.20%,4.72%,-9.22%,0.00%
01/09/1973,2.94%,3.92%,-3.35%,-16.31%,-5.55%,-2.73%,-20.86%,1.48%,16.39%,-7.64%,7.20%,17.70%,10.22%,7.36%,-5.55%,-2.29%,30.59%,-4.67%,3.80%,1.33%,3.99%,-7.40%,-10.23%,15.12%,-5.76%,-3.60%,-9.46%,-12.35%,4.42%,-11.32%,0.00%
01/12/1972,0.95%,6.10%,-3.30%,-21.93%,-8.89%,-3.11%,-25.98%,3.84%,20.01%,-5.84%,7.55%,27.00%,13.43%,4.59%,-11.85%,-2.12%,40.32%,6.93%,9.71%,-1.59%,-1.25%,-11.01%,-6.07%,14.61%,-5.14%,-3.26%,-12.47%,-17.81%,3.12%,-11.71%,0.00%
01/01/1973,1.90%,4.56%,0.53%,-29.23%,-12.16%,-3.41%,-28.22%,6.56%,21.47%,-9.70%,2.84%,30.34%,12.70%,2.55%,-13.71%,-5.49%,50.22%,25.84%,19.36%,-2.07%,0.41%,-13.53%,-0.48%,14.68%,-11.36%,-6.45%,-12.56%,-20.04%,-0.68%,-10.44%,0.00%
01/02/1973,2.69%,11.38%,4.01%,-34.21%,-12.17%,0.16%,-31.92%,10.70%,26.59%,-13.07%,-0.11%,34.24%,13.63%,0.94%,-15.54%,-5.71%,64.59%,31.51%,15.99%,0.49%,0.36%,-17.15%,1.23%,15.73%,-12.74%,-8.10%,-13.68%,-26.36%,-2.21%,-12.12%,0.00%
01/01/1974,1.72%,7.36%,4.26%,-30.23%,-14.95%,-5.22%,-27.24%,4.84%,25.86%,-5.53%,2.10%,37.10%,6.89%,-2.76%,-8.01%,-2.32%,67.99%,35.42%,3.89%,2.28%,-0.41%,-18.64%,-0.46%,12.72%,-14.72%,-5.58%,-9.38%,-27.34%,-4.63%,-13.31%,0.00%
01/02/1974,1.38%,4.75%,5.46%,-31.90%,-18.59%,-9.12%,-26.07%,2.82%,27.41%,-6.44%,5.56%,40.87%,6.43%,-5.19%,-8.97%,1.95%,69.66%,41.95%,1.55%,1.84%,3.64%,-20.54%,-1.64%,12.60%,-8.61%,-3.98%,-8.77%,-31.32%,-4.72%,-14.67%,0.00%
01/03/1974,0.40%,3.94%,0.64%,-27.83%,-14.09%,-8.04%,-26.18%,5.53%,31.10%,-2.37%,6.42%,39.13%,2.70%,-5.94%,-7.54%,-2.40%,61.90%,50.56%,-0.47%,-0.40%,0.36%,-20.65%,-2.88%,13.89%,-11.69%,-1.09%,-11.59%,-27.77%,-7.35%,-15.99%,0.00%
01/04/1974,1.18%,4.36%,1.94%,-30.44%,-15.56%,-8.15%,-26.70%,8.26%,37.68%,0.69%,5.63%,45.05%,2.10%,-5.91%,-5.72%,-1.81%,55.76%,60.46%,-2.77%,-8.49%,-0.89%,-25.70%,-2.34%,14.56%,-11.57%,1.02%,-9.81%,-26.97%,-9.92%,-16.97%,0.00%
01/05/1974,1.50%,3.89%,11.75%,-26.90%,-13.70%,-3.51%,-28.81%,12.49%,43.07%,-2.09%,1.04%,38.01%,1.30%,-7.80%,0.36%,-3.79%,49.67%,53.80%,-6.09%,-9.28%,1.60%,-29.59%,-2.45%,15.39%,-12.17%,1.14%,-4.20%,-26.26%,-15.38%,-19.05%,0.00%
01/06/1974,4.01%,3.05%,13.90%,-29.52%,-10.54%,-1.67%,-29.25%,13.40%,47.15%,-1.53%,-0.89%,45.49%,2.86%,-12.92%,-0.73%,-1.85%,56.70%,48.00%,-3.94%,-12.67%,4.37%,-31.09%,-2.84%,20.54%,-11.26%,-0.60%,-3.85%,-29.88%,-19.05%,-22.46%,0.00%
01/07/1974,-1.88%,-1.41%,14.17%,-33.72%,-9.97%,-8.05%,-27.17%,5.37%,51.13%,2.84%,-0.30%,61.47%,2.75%,-13.63%,-4.46%,-1.27%,77.17%,45.06%,2.20%,-5.89%,3.69%,-30.90%,-4.61%,22.00%,-11.25%,2.13%,-10.18%,-35.71%,-19.23%,-23.10%,0.00%
01/08/1974,-4.59%,-10.49%,20.64%,-28.88%,-12.77%,-11.20%,-24.59%,5.85%,47.62%,4.01%,-1.85%,62.39%,1.45%,-15.41%,-0.82%,-2.79%,73.91%,55.58%,2.18%,-5.94%,12.53%,-33.27%,-1.03%,21.96%,-12.19%,0.70%,-15.10%,-34.25%,-21.83%,-23.47%,0.00%
01/09/1974,-6.32%,-15.47%,19.46%,-35.40%,-8.78%,-16.70%,-23.53%,1.21%,49.11%,5.33%,-2.47%,67.31%,0.81%,-17.33%,1.04%,0.30%,70.79%,63.35%,5.50%,3.30%,20.81%,-31.13%,-6.89%,18.68%,-10.36%,1.25%,-15.16%,-40.38%,-18.64%,-23.67%,0.00%
01/12/1973,-2.06%,-20.67%,27.45%,-39.62%,-21.29%,-16.03%,-32.65%,15.05%,52.19%,-5.88%,-3.42%,57.14%,7.65%,-15.75%,-17.33%,-5.36%,77.43%,112.70%,10.65%,0.36%,14.77%,-30.31%,-7.81%,21.85%,-7.53%,2.58%,-21.83%,-38.66%,-14.37%,-20.14%,0.00%
01/01/1974,-2.98%,-23.54%,27.75%,-35.97%,-23.77%,-20.55%,-28.02%,8.96%,51.31%,2.29%,-1.28%,60.49%,1.26%,-18.84%,-9.96%,-1.95%,81.09%,119.03%,-0.89%,2.14%,13.89%,-31.56%,-9.34%,18.68%,-9.62%,5.40%,-17.94%,-39.48%,-16.48%,-21.23%,0.00%
01/02/1974,-3.31%,-25.40%,29.22%,-37.50%,-27.04%,-23.82%,-26.86%,6.86%,53.17%,1.30%,2.06%,64.90%,0.83%,-20.87%,-10.90%,2.32%,82.88%,129.59%,-3.13%,1.70%,18.52%,-33.15%,-10.42%,18.55%,-3.15%,7.18%,-17.39%,-42.79%,-16.56%,-22.47%,0.00%
01/01/1975,-1.73%,-19.33%,12.76%,-29.43%,-23.18%,-24.27%,-16.32%,-12.97%,41.59%,4.41%,9.87%,64.57%,-5.46%,-19.93%,-7.39%,2.10%,73.16%,130.28%,-14.41%,2.61%,10.40%,-29.23%,-12.88%,8.92%,-3.55%,6.92%,-9.85%,-37.06%,-17.19%,-24.19%,0.00%
01/02/1975,-3.22%,-15.50%,1.95%,-24.56%,-20.60%,-20.27%,-21.52%,-4.40%,45.43%,1.53%,7.45%,57.08%,-3.81%,-15.06%,-12.85%,3.62%,73.85%,110.96%,-17.68%,-2.80%,9.27%,-28.89%,-6.71%,12.04%,-4.15%,7.10%,-11.96%,-31.27%,-22.15%,-25.82%,0.00%
01/03/1975,-4.18%,-16.90%,1.23%,-18.23%,-18.88%,-22.72%,-8.98%,-9.46%,44.55%,3.57%,9.64%,65.01%,-4.87%,-17.23%,-12.60%,6.73%,77.23%,135.27%,-25.17%,-10.49%,1.15%,-30.29%,-12.03%,5.60%,-6.55%,8.29%,-8.13%,-26.93%,-25.33%,-28.61%,0.00%
01/04/1975,-8.69%,-24.98%,0.22%,-16.39%,-17.87%,-22.27%,-9.48%,-14.36%,58.93%,7.12%,7.66%,70.59%,-5.16%,-15.08%,-15.19%,10.86%,81.57%,172.63%,-24.51%,-17.39%,-6.00%,-32.98%,-12.53%,10.96%,-8.14%,6.76%,-12.89%,-20.65%,-28.87%,-29.67%,0.00%
01/05/1975,-7.40%,-25.34%,-3.39%,-18.20%,-19.19%,-24.65%,-12.60%,-13.47%,50.76%,5.95%,7.57%,52.65%,-5.64%,-8.99%,-16.54%,16.73%,83.64%,221.10%,-19.46%,-14.90%,-7.81%,-31.62%,-12.17%,9.39%,-13.57%,4.67%,-13.72%,-21.95%,-28.19%,-29.57%,0.00%
01/06/1975,-7.52%,-26.64%,-3.87%,-17.84%,-20.31%,-26.17%,-8.16%,-17.23%,49.38%,6.69%,8.00%,54.34%,-5.36%,-11.70%,-12.96%,20.04%,83.01%,194.23%,-18.50%,-10.21%,-8.90%,-30.15%,-14.90%,6.85%,-14.66%,5.89%,-11.62%,-20.89%,-27.44%,-29.14%,0.00%
01/07/1975,-7.59%,-25.90%,-4.99%,-18.83%,-20.56%,-28.03%,-6.45%,-22.65%,50.95%,8.86%,8.08%,52.63%,-4.42%,-12.49%,-7.21%,18.94%,85.23%,201.18%,-17.45%,-9.58%,-7.75%,-30.84%,-18.25%,6.20%,-12.21%,10.31%,-13.96%,-23.64%,-28.77%,-28.62%,0.00%
01/08/1975,-6.85%,-27.24%,-6.65%,-18.43%,-20.63%,-29.21%,-9.28%,-23.05%,57.95%,9.41%,9.60%,62.65%,-3.55%,-14.88%,-6.98%,20.65%,74.23%,198.23%,-15.84%,-8.21%,-8.46%,-32.62%,-18.30%,10.68%,-12.55%,9.90%,-11.14%,-23.82%,-31.13%,-29.90%,0.00%
01/09/1975,-6.11%,-28.76%,-1.89%,-17.45%,-22.38%,-29.58%,-4.36%,-25.31%,50.17%,12.96%,6.10%,59.97%,-3.98%,-18.16%,-4.82%,19.86%,74.20%,213.44%,-13.82%,-5.79%,-6.31%,-34.26%,-15.92%,7.76%,-12.68%,9.94%,-11.12%,-23.44%,-33.81%,-31.59%,0.00%
01/12/1974,1.97%,-31.63%,-0.54%,-20.95%,-20.58%,-26.36%,3.13%,-20.98%,52.76%,16.72%,5.93%,47.65%,-6.21%,-21.76%,-0.45%,15.84%,60.77%,147.88%,-18.97%,-4.25%,-4.49%,-34.98%,-12.96%,12.89%,-12.76%,7.97%,-6.07%,-18.32%,-33.73%,-32.07%,0.00%
01/01/1975,3.63%,-26.07%,-13.21%,-10.74%,-16.39%,-26.80%,18.00%,-35.64%,41.21%,20.30%,14.03%,47.36%,-12.07%,-20.84%,3.47%,15.58%,52.22%,148.63%,-28.41%,-3.40%,-11.03%,-31.17%,-15.35%,3.72%,-13.12%,7.72%,2.49%,-10.14%,-34.23%,-33.57%,0.00%
01/02/1975,2.06%,-22.56%,-21.54%,-4.58%,-13.58%,-22.93%,10.66%,-29.30%,45.04%,16.98%,11.52%,40.65%,-10.53%,-16.02%,-2.63%,17.30%,52.83%,127.77%,-31.14%,-8.49%,-11.95%,-30.84%,-9.36%,6.69%,-13.66%,7.89%,0.09%,-1.88%,-38.16%,-35.00%,0.00%
01/01/1976,-5.02%,-21.69%,-27.27%,0.90%,-12.60%,-24.80%,19.27%,-34.27%,52.58%,23.78%,15.33%,49.69%,-6.70%,-13.77%,-3.53%,20.76%,50.18%,143.54%,-35.77%,-14.38%,-16.62%,-31.08%,-6.17%,9.07%,-14.28%,9.45%,-6.82%,-3.95%,-39.78%,-37.07%,0.00%
01/02/1976,-10.92%,-22.23%,-29.78%,1.53%,-12.87%,-28.15%,22.41%,-40.10%,52.99%,26.51%,18.57%,53.98%,-4.63%,-13.45%,-1.67%,23.65%,49.88%,140.56%,-39.39%,-19.41%,-15.61%,-28.35%,-7.26%,9.07%,-10.59%,15.06%,-5.05%,-1.92%,-40.06%,-36.04%,0.00%
01/03/1976,-11.56%,-23.15%,-30.31%,-0.46%,-15.70%,-27.01%,26.87%,-37.10%,45.21%,25.28%,20.41%,51.61%,-5.69%,-14.92%,1.63%,29.39%,55.36%,126.91%,-35.74%,-19.48%,-16.38%,-31.37%,-5.82%,9.69%,-13.96%,13.96%,-2.40%,-3.44%,-39.01%,-36.47%,0.00%
01/04/1976,-11.72%,-25.83%,-30.73%,-1.37%,-17.13%,-29.62%,25.18%,-39.32%,46.36%,20.65%,21.17%,54.85%,-5.10%,-13.03%,3.88%,33.94%,59.69%,155.46%,-34.00%,-18.33%,-14.29%,-32.92%,-8.31%,8.94%,-12.86%,13.31%,-6.67%,-8.14%,-40.11%,-35.96%,0.00%
01/05/1976,-10.64%,-28.74%,-31.32%,-1.33%,-18.52%,-30.62%,16.27%,-40.12%,44.77%,15.69%,18.10%,57.79%,-1.17%,-12.83%,2.33%,37.80%,61.84%,185.14%,-29.44%,-18.24%,-15.54%,-32.65%,-6.41%,7.98%,-10.11%,16.13%,-11.20%,-13.14%,-40.52%,-35.77%,0.00%
01/06/1976,-9.52%,-27.67%,-36.10%,-0.95%,-18.67%,-29.26%,12.63%,-40.48%,38.20%,11.36%,17.11%,58.52%,1.35%,-11.49%,1.31%,47.58%,63.61%,187.80%,-28.87%,-18.23%,-16.12%,-30.28%,-2.68%,5.10%,-9.45%,13.45%,-14.25%,-12.31%,-39.20%,-36.36%,0.00%
01/07/1976,-6.54%,-27.10%,-33.59%,-3.64%,-16.32%,-30.03%,12.13%,-39.99%,36.75%,11.03%,15.80%,56.58%,0.42%,-11.50%,2.14%,43.22%,59.56%,171.81%,-28.36%,-14.94%,-14.07%,-30.76%,-3.71%,6.20%,-8.19%,12.19%,-14.76%,-15.46%,-37.75%,-34.87%,0.00%
01/08/1976,-5.89%,-27.01%,-30.31%,-5.88%,-16.11%,-29.65%,9.73%,-38.04%,33.80%,9.78%,15.40%,52.63%,-1.07%,-12.01%,2.97%,45.41%,56.95%,151.33%,-28.09%,-11.53%,-9.08%,-31.69%,-3.38%,7.50%,-10.87%,10.42%,-9.80%,-17.20%,-37.17%,-35.45%,0.00%
01/09/1976,-7.57%,-30.20%,-27.19%,-8.11%,-13.73%,-31.47%,9.89%,-37.13%,31.45%,6.41%,16.66%,51.89%,-3.11%,-10.01%,6.80%,48.03%,55.70%,164.48%,-25.36%,-9.81%,-9.57%,-30.93%,-2.70%,8.06%,-13.16%,8.71%,-11.38%,-19.76%,-38.19%,-35.92%,0.00%
01/12/1975,-7.43%,-30.52%,-25.37%,-6.67%,-12.08%,-31.74%,11.30%,-38.02%,31.23%,7.87%,20.21%,46.39%,-4.20%,-12.48%,7.41%,42.30%,57.61%,159.15%,-25.38%,-8.46%,-6.31%,-31.44%,-4.82%,6.53%,-14.47%,6.71%,-9.54%,-20.21%,-36.36%,-35.70%,0.00%
01/01/1976,-13.85%,-29.74%,-30.82%,-1.31%,-11.09%,-33.40%,19.97%,-42.37%,38.06%,14.14%,24.31%,55.79%,-0.10%,-10.14%,6.42%,46.49%,54.87%,177.09%,-30.39%,-14.35%,-11.28%,-31.67%,-1.47%,8.91%,-15.08%,8.26%,-15.79%,-21.90%,-38.02%,-37.75%,0.00%
01/02/1976,-19.21%,-30.23%,-33.21%,-0.70%,-11.36%,-36.37%,23.12%,-47.48%,38.43%,16.66%,27.80%,60.26%,2.11%,-9.80%,8.48%,50.01%,54.56%,173.71%,-34.32%,-19.39%,-10.21%,-28.97%,-2.61%,8.91%,-11.42%,13.81%,-14.19%,-20.25%,-38.31%,-36.73%,0.00%
01/01/1977,-19.49%,-35.87%,-33.83%,-1.91%,-9.56%,-39.11%,27.39%,-50.02%,36.20%,19.84%,26.27%,60.68%,1.70%,-9.15%,9.51%,53.20%,56.64%,181.86%,-31.52%,-15.53%,-6.54%,-26.99%,-2.57%,4.18%,-10.92%,17.41%,-17.14%,-25.41%,-38.68%,-35.80%,0.00%
01/02/1977,-18.96%,-34.24%,-33.07%,-5.38%,-10.26%,-39.56%,23.52%,-49.37%,37.28%,15.93%,26.99%,62.12%,2.46%,-8.24%,7.73%,54.35%,57.17%,194.97%,-32.59%,-17.13%,-4.22%,-27.81%,-1.68%,7.15%,-12.49%,16.11%,-17.19%,-26.08%,-38.74%,-35.88%,0.00%
01/03/1977,-19.28%,-36.06%,-34.53%,-5.15%,-11.07%,-41.16%,23.02%,-49.98%,37.39%,15.52%,28.83%,64.10%,6.88%,-4.04%,2.83%,55.12%,61.27%,200.60%,-33.64%,-16.51%,-4.64%,-26.84%,-1.13%,8.34%,-12.04%,18.56%,-19.21%,-29.64%,-38.69%,-35.06%,0.00%
01/04/1977,-19.76%,-37.59%,-33.55%,-7.45%,-10.67%,-41.78%,25.44%,-52.86%,35.96%,17.22%,31.27%,64.76%,10.87%,-0.40%,4.58%,58.18%,60.05%,187.44%,-32.21%,-15.34%,-4.52%,-26.77%,-5.26%,7.86%,-7.97%,14.97%,-22.88%,-29.37%,-37.59%,-34.35%,0.00%
01/05/1977,-18.95%,-38.05%,-31.56%,-7.84%,-8.62%,-42.57%,21.45%,-52.95%,33.29%,13.68%,29.72%,58.02%,12.87%,-0.65%,5.89%,63.02%,51.35%,161.64%,-31.19%,-12.50%,-1.55%,-25.56%,-5.03%,6.69%,-5.24%,17.33%,-24.46%,-26.67%,-36.91%,-33.20%,0.00%
01/06/1977,-19.69%,-40.32%,-33.47%,-5.38%,-5.86%,-42.15%,22.94%,-51.15%,26.64%,14.10%,28.28%,49.82%,10.50%,0.09%,5.27%,69.67%,41.57%,174.79%,-30.66%,-12.06%,-4.75%,-20.67%,-2.55%,3.50%,-7.76%,14.45%,-23.95%,-22.41%,-36.42%,-33.39%,0.00%
01/07/1977,-16.29%,-41.57%,-31.05%,-4.02%,-4.37%,-42.12%,23.66%,-51.38%,24.58%,15.34%,26.36%,41.35%,5.31%,1.37%,4.39%,69.31%,37.58%,154.92%,-30.62%,-9.75%,-3.90%,-19.47%,-0.95%,2.39%,-8.20%,13.56%,-22.55%,-20.50%,-35.03%,-31.82%,0.00%
01/08/1977,-15.85%,-40.14%,-28.95%,-3.32%,-4.72%,-40.25%,24.95%,-49.20%,21.75%,14.53%,24.95%,34.96%,4.26%,1.41%,3.91%,65.42%,36.82%,143.91%,-34.11%,-12.05%,-5.40%,-19.31%,0.20%,2.79%,-10.98%,15.10%,-18.17%,-15.64%,-35.34%,-31.93%,0.00%
01/09/1977,-15.26%,-39.20%,-29.52%,-5.00%,-5.59%,-40.62%,28.54%,-49.52%,21.50%,14.86%,23.69%,27.50%,6.27%,-0.83%,7.24%,60.35%,35.20%,144.38%,-33.45%,-10.09%,-1.91%,-18.57%,-1.43%,1.90%,-12.30%,14.68%,-18.98%,-13.07%,-35.22%,-30.96%,0.00%
01/12/1976,-16.14%,-39.68%,-28.67%,-7.52%,-1.13%,-42.44%,30.70%,-48.60%,21.91%,14.60%,25.97%,31.91%,4.36%,0.97%,6.06%,60.95%,30.31%,147.28%,-33.52%,-9.77%,-3.44%,-18.12%,-1.18%,0.61%,-12.66%,14.36%,-18.50%,-13.41%,-36.10%,-31.34%,0.00%
01/01/1977,-16.43%,-44.56%,-29.33%,-8.65%,0.89%,-44.93%,35.23%,-51.08%,19.95%,17.73%,24.45%,32.26%,3.94%,1.69%,7.07%,64.38%,32.07%,154.65%,-30.69%,-5.45%,0.50%,-15.85%,-1.14%,-3.76%,-12.16%,17.98%,-21.31%,-19.01%,-36.48%,-30.34%,0.00%
01/02/1977,-15.88%,-43.15%,-28.53%,-11.89%,0.10%,-45.33%,31.12%,-50.45%,20.89%,13.89%,25.16%,33.44%,4.71%,2.72%,5.32%,65.61%,32.52%,166.49%,-31.77%,-7.24%,3.00%,-16.79%,-0.23%,-1.01%,-13.71%,16.67%,-21.36%,-19.74%,-36.55%,-30.42%,0.00%
01/01/1978,-15.88%,-40.42%,-29.27%,-13.64%,-2.90%,-46.53%,30.30%,-48.81%,19.41%,18.47%,23.70%,34.24%,3.17%,5.09%,4.11%,63.14%,33.34%,166.45%,-32.98%,-6.69%,4.03%,-17.04%,0.23%,-1.13%,-10.46%,16.64%,-22.70%,-21.90%,-37.10%,-29.45%,0.00%
01/02/1978,-15.57%,-40.15%,-28.53%,-13.82%,-2.89%,-47.98%,33.45%,-50.15%,14.08%,18.71%,23.98%,29.67%,2.89%,2.93%,5.74%,69.23%,30.69%,173.50%,-33.50%,-6.71%,8.71%,-15.70%,-2.92%,-3.37%,-11.44%,18.94%,-23.43%,-18.33%,-36.82%,-29.30%,0.00%
01/03/1978,-17.02%,-40.86%,-28.78%,-9.66%,2.46%,-48.99%,37.56%,-50.23%,13.76%,17.35%,25.69%,32.11%,1.95%,1.67%,7.53%,78.05%,31.45%,145.08%,-34.92%,-8.43%,6.87%,-12.91%,-7.99%,-5.34%,-11.05%,21.54%,-25.42%,-16.45%,-36.31%,-28.17%,0.00%
01/04/1978,-19.12%,-43.56%,-29.00%,-6.85%,3.34%,-46.55%,34.77%,-50.08%,16.03%,13.64%,27.17%,32.08%,4.67%,5.20%,6.79%,85.78%,23.09%,155.67%,-36.38%,-16.35%,0.54%,-14.61%,-3.84%,-3.27%,-10.56%,20.07%,-23.46%,-14.50%,-35.60%,-28.67%,0.00%
01/05/1978,-18.52%,-42.74%,-29.68%,-3.48%,4.75%,-46.10%,34.56%,-49.23%,12.29%,13.86%,26.21%,31.88%,6.44%,10.78%,1.72%,100.06%,25.33%,137.84%,-38.07%,-18.72%,-3.42%,-12.73%,-5.86%,-2.47%,-11.46%,20.86%,-26.43%,-10.37%,-37.03%,-28.21%,0.00%
01/06/1978,-17.13%,-43.07%,-28.92%,-3.31%,5.44%,-46.59%,31.59%,-48.14%,10.71%,13.86%,25.73%,25.12%,6.48%,9.18%,-0.25%,109.36%,21.19%,137.75%,-39.77%,-17.21%,-3.89%,-11.64%,-5.22%,-2.23%,-10.99%,20.83%,-27.31%,-6.59%,-36.68%,-26.78%,0.00%
01/07/1978,-20.35%,-43.20%,-30.15%,-2.29%,6.29%,-45.98%,25.62%,-46.78%,9.81%,10.74%,27.82%,27.50%,6.08%,12.01%,-2.71%,128.23%,24.07%,129.65%,-41.45%,-20.05%,-8.52%,-10.38%,-2.94%,0.21%,-6.24%,19.96%,-28.03%,-7.43%,-37.38%,-26.71%,0.00%
01/08/1978,-21.10%,-45.97%,-32.40%,-0.36%,9.12%,-46.95%,27.38%,-48.67%,10.15%,17.63%,32.73%,22.38%,5.74%,8.52%,-4.87%,128.00%,24.59%,117.29%,-41.05%,-23.31%,-9.42%,-8.90%,-1.62%,1.08%,-6.41%,23.72%,-27.42%,-1.55%,-36.70%,-25.26%,0.00%
01/09/1978,-20.76%,-44.59%,-30.23%,-3.34%,7.08%,-48.01%,26.93%,-49.50%,10.99%,22.18%,31.43%,25.29%,6.21%,4.88%,-2.95%,114.71%,29.72%,120.99%,-37.53%,-22.64%,-7.30%,-11.24%,-4.59%,-1.00%,-8.93%,22.61%,-28.25%,-0.55%,-36.53%,-25.69%,0.00%
01/12/1977,-18.36%,-45.36%,-26.73%,-8.00%,7.06%,-45.91%,24.22%,-49.29%,15.02%,15.42%,27.60%,26.93%,5.37%,4.85%,-0.31%,109.07%,33.46%,111.41%,-35.81%,-17.86%,0.80%,-15.58%,-2.08%,4.04%,-12.99%,18.52%,-28.00%,-10.73%,-35.35%,-28.02%,0.00%
01/01/1978,-18.37%,-42.74%,-27.49%,-9.84%,3.85%,-47.10%,23.45%,-47.61%,13.62%,20.06%,26.11%,27.69%,3.82%,7.27%,-1.46%,105.95%,34.28%,111.38%,-36.94%,-17.37%,1.81%,-15.84%,-1.62%,3.92%,-9.72%,18.49%,-29.24%,-13.13%,-35.91%,-27.02%,0.00%
01/02/1978,-18.07%,-42.48%,-26.73%,-10.02%,3.86%,-48.53%,26.43%,-48.98%,8.55%,20.31%,26.40%,23.34%,3.53%,5.07%,0.08%,113.64%,31.62%,116.97%,-37.44%,-17.39%,6.39%,-14.48%,-4.72%,1.56%,-10.71%,20.82%,-29.90%,-9.16%,-35.63%,-26.86%,0.00%
01/01/1979,-20.54%,-42.15%,-30.78%,-10.60%,4.52%,-49.91%,31.94%,-51.35%,9.01%,23.16%,29.64%,32.37%,3.04%,6.06%,-0.25%,110.82%,38.17%,125.19%,-39.29%,-17.15%,3.82%,-15.36%,-6.49%,1.47%,-12.71%,20.53%,-29.74%,-8.56%,-36.13%,-26.04%,0.00%
01/02/1979,-21.02%,-42.42%,-30.49%,-13.26%,4.47%,-50.81%,32.51%,-51.88%,10.26%,27.10%,30.06%,32.04%,3.49%,3.91%,-0.43%,93.08%,44.96%,131.91%,-36.81%,-15.66%,6.72%,-17.56%,-6.36%,1.16%,-14.57%,22.44%,-30.35%,-9.42%,-36.10%,-25.75%,0.00%
01/03/1979,-24.75%,-41.91%,-31.80%,-13.13%,0.50%,-51.97%,35.63%,-52.88%,13.11%,26.70%,31.98%,34.64%,3.54%,1.72%,-0.86%,92.99%,46.32%,153.00%,-35.49%,-19.68%,-0.72%,-15.91%,-5.88%,1.33%,-12.36%,22.84%,-31.36%,-7.70%,-35.91%,-24.62%,0.00%
01/04/1979,-25.46%,-40.89%,-32.27%,-11.40%,1.69%,-51.83%,34.48%,-52.91%,10.34%,27.88%,35.13%,33.12%,2.61%,1.22%,1.12%,89.90%,44.35%,133.59%,-32.92%,-22.26%,-3.31%,-13.02%,-6.16%,-0.77%,-12.46%,21.78%,-31.24%,-2.09%,-35.30%,-23.01%,0.00%
01/05/1979,-25.60%,-42.93%,-33.34%,-12.21%,0.26%,-52.55%,36.67%,-53.58%,8.47%,27.41%,34.35%,31.27%,3.11%,1.44%,0.76%,82.50%,50.36%,153.01%,-33.73%,-20.23%,-2.05%,-12.29%,-6.87%,-0.07%,-10.56%,21.70%,-32.37%,-4.43%,-34.41%,-22.25%,0.00%
01/06/1979,-26.61%,-42.05%,-32.69%,-14.22%,-2.15%,-54.25%,31.79%,-53.44%,7.78%,26.49%,33.91%,28.17%,4.98%,7.23%,-1.15%,83.50%,56.18%,177.63%,-30.69%,-19.86%,-4.58%,-12.47%,-10.73%,-3.11%,-12.20%,20.64%,-33.63%,-6.24%,-31.69%,-20.77%,0.00%
01/07/1979,-27.48%,-42.82%,-30.87%,-12.51%,-0.88%,-54.96%,31.58%,-54.35%,10.01%,24.88%,36.09%,31.28%,5.96%,7.58%,-2.43%,86.66%,57.21%,163.27%,-30.91%,-19.83%,-6.67%,-10.33%,-14.15%,-6.31%,-7.03%,19.61%,-34.50%,-4.97%,-30.89%,-21.52%,0.00%
01/08/1979,-27.57%,-40.07%,-29.59%,-13.34%,0.42%,-55.06%,34.57%,-53.59%,10.13%,21.20%,38.60%,31.62%,5.01%,6.49%,-4.19%,99.07%,59.67%,152.37%,-30.11%,-23.70%,-11.62%,-9.13%,-15.00%,-7.06%,-8.10%,20.67%,-32.98%,-5.91%,-32.13%,-21.58%,0.00%
01/09/1979,-28.55%,-40.42%,-32.78%,-11.12%,1.13%,-56.58%,33.61%,-53.64%,13.41%,18.86%,39.11%,35.56%,4.15%,2.03%,-1.89%,100.76%,71.00%,161.83%,-25.69%,-25.00%,-13.35%,-9.40%,-16.14%,-8.25%,-11.19%,25.30%,-33.99%,-9.80%,-32.57%,-21.59%,0.00%
01/12/1978,-28.32%,-40.98%,-29.50%,-11.34%,2.59%,-56.07%,32.92%,-51.63%,14.27%,18.10%,37.33%,31.55%,4.27%,4.04%,-4.64%,102.11%,66.54%,140.99%,-20.89%,-22.86%,-10.20%,-10.35%,-15.34%,-8.24%,-13.50%,24.93%,-33.83%,-13.12%,-33.53%,-22.22%,0.00%
01/01/1979,-30.49%,-40.64%,-33.39%,-11.91%,3.24%,-57.24%,38.71%,-53.88%,14.76%,20.90%,40.85%,41.17%,3.77%,5.02%,-4.96%,99.44%,74.83%,150.12%,-23.23%,-22.64%,-12.38%,-11.28%,-16.92%,-8.32%,-15.44%,24.63%,-33.68%,-12.54%,-34.05%,-21.35%,0.00%
01/02/1979,-30.91%,-40.92%,-33.11%,-14.53%,3.18%,-58.01%,39.31%,-54.38%,16.08%,24.77%,41.31%,40.83%,4.23%,2.89%,-5.13%,82.65%,83.42%,157.59%,-20.10%,-21.24%,-9.93%,-13.58%,-16.81%,-8.60%,-17.24%,26.61%,-34.26%,-13.36%,-34.02%,-21.04%,0.00%
01/01/1980,-33.31%,-38.23%,-37.87%,-14.45%,0.78%,-60.20%,31.84%,-57.93%,13.56%,23.09%,43.62%,56.34%,5.61%,4.57%,-1.96%,114.99%,99.81%,163.01%,-13.91%,-25.09%,-17.61%,-13.06%,-16.14%,-10.29%,-14.69%,25.27%,-38.81%,-16.38%,-36.93%,-20.01%,0.00%
01/02/1980,-35.38%,-38.01%,-39.20%,-15.20%,-2.83%,-61.00%,34.66%,-58.76%,15.08%,24.95%,44.26%,60.64%,4.87%,2.85%,-5.61%,102.83%,115.38%,167.86%,-0.65%,-25.62%,-16.65%,-13.41%,-16.89%,-8.15%,-16.24%,25.46%,-40.50%,-19.06%,-38.40%,-19.77%,0.00%
01/03/1980,-33.46%,-39.38%,-32.81%,-13.10%,-3.54%,-58.36%,42.47%,-55.31%,14.19%,20.82%,39.34%,48.73%,3.39%,5.22%,-4.36%,100.86%,94.23%,141.10%,-7.14%,-22.23%,-9.50%,-17.01%,-18.09%,-7.79%,-18.55%,27.19%,-38.48%,-20.46%,-36.92%,-23.45%,0.00%
01/04/1980,-31.20%,-39.23%,-29.11%,-12.99%,-4.49%,-58.26%,40.08%,-55.21%,15.28%,22.84%,38.80%,46.11%,-0.50%,3.49%,-10.80%,88.64%,88.32%,136.29%,-4.51%,-16.09%,-6.57%,-13.27%,-20.98%,-7.84%,-21.59%,19.80%,-38.12%,-17.45%,-35.19%,-20.95%,0.00%
01/05/1980,-30.81%,-37.74%,-27.94%,-15.27%,-2.25%,-58.63%,31.88%,-55.36%,15.60%,23.20%,40.59%,43.00%,-1.91%,4.09%,-14.51%,75.58%,88.75%,156.94%,-7.72%,-18.35%,-8.70%,-12.61%,-22.96%,-8.50%,-18.38%,25.77%,-36.73%,-13.53%,-34.86%,-20.86%,0.00%
01/06/1980,-31.67%,-37.46%,-26.23%,-17.84%,-2.73%,-59.51%,33.05%,-56.73%,14.45%,21.37%,42.77%,41.74%,1.01%,1.30%,-15.78%,70.37%,107.55%,164.80%,-5.40%,-17.32%,-12.23%,-11.51%,-23.09%,-10.18%,-19.74%,24.12%,-37.24%,-12.80%,-33.76%,-19.86%,0.00%
01/07/1980,-34.55%,-37.76%,-27.84%,-18.65%,-1.34%,-59.15%,40.37%,-57.00%,13.40%,23.75%,47.45%,46.35%,3.33%,6.46%,-12.96%,73.45%,104.93%,156.40%,-12.87%,-25.28%,-19.69%,-8.36%,-18.71%,-10.78%,-14.11%,27.12%,-36.28%,-14.39%,-37.97%,-20.11%,0.00%
01/08/1980,-35.96%,-38.43%,-30.07%,-17.43%,1.39%,-59.76%,39.52%,-57.88%,14.32%,26.98%,45.72%,44.53%,1.94%,3.10%,-12.25%,72.87%,112.79%,150.73%,-11.57%,-27.83%,-16.49%,-4.26%,-17.67%,-12.15%,-15.89%,33.04%,-37.59%,-15.62%,-38.22%,-18.06%,0.00%
01/09/1980,-38.30%,-39.55%,-33.17%,-16.86%,2.47%,-60.72%,39.37%,-57.57%,13.43%,23.13%,44.03%,47.00%,4.93%,1.93%,-13.15%,75.40%,132.73%,162.49%,-8.10%,-29.79%,-20.22%,-1.10%,-18.37%,-13.97%,-16.97%,38.87%,-39.88%,-15.70%,-38.37%,-17.50%,0.00%
01/12/1979,-39.50%,-39.72%,-31.08%,-17.20%,1.04%,-60.81%,39.45%,-58.44%,11.46%,24.41%,48.45%,44.38%,7.72%,3.70%,-17.48%,69.06%,130.10%,161.67%,-1.36%,-28.91%,-23.41%,2.96%,-17.52%,-14.53%,-12.26%,37.38%,-41.44%,-19.71%,-38.80%,-15.41%,0.00%
01/01/1980,-41.60%,-36.98%,-35.99%,-17.12%,-1.31%,-62.84%,31.97%,-61.67%,9.05%,22.74%,50.88%,60.28%,9.15%,5.40%,-14.72%,98.99%,150.66%,167.18%,6.28%,-32.38%,-29.95%,3.58%,-16.86%,-16.11%,-9.57%,35.93%,-45.49%,-22.51%,-41.50%,-14.30%,0.00%
01/02/1980,-43.41%,-36.75%,-37.36%,-17.85%,-4.85%,-63.60%,34.80%,-62.43%,10.50%,24.59%,51.55%,64.69%,8.38%,3.66%,-17.90%,87.73%,170.19%,172.10%,22.65%,-32.86%,-29.13%,3.16%,-17.60%,-14.11%,-11.20%,36.14%,-47.00%,-24.99%,-42.86%,-14.04%,0.00%
01/01/1981,-41.29%,-32.96%,-37.13%,-20.05%,-4.57%,-63.43%,47.28%,-62.48%,12.97%,35.53%,50.53%,68.26%,2.79%,2.58%,-17.65%,75.86%,152.26%,154.59%,11.69%,-33.72%,-24.18%,2.65%,-23.20%,-11.97%,-7.96%,33.91%,-45.99%,-23.10%,-43.47%,-15.67%,0.00%
01/02/1981,-41.30%,-32.38%,-36.52%,-18.97%,-4.45%,-61.00%,47.51%,-62.65%,14.76%,34.05%,52.32%,68.67%,3.92%,2.28%,-13.93%,65.79%,137.49%,146.38%,8.59%,-36.12%,-24.30%,1.07%,-24.57%,-6.79%,-8.19%,29.01%,-45.50%,-18.14%,-43.66%,-16.68%,0.00%
01/03/1981,-41.59%,-32.01%,-37.78%,-14.02%,-3.85%,-62.74%,49.44%,-63.23%,9.20%,30.49%,53.66%,89.80%,2.01%,4.28%,-13.55%,57.93%,159.49%,139.32%,-2.25%,-38.97%,-29.04%,3.25%,-26.60%,-8.82%,-4.21%,36.26%,-42.18%,-17.08%,-43.97%,-17.99%,0.00%
01/04/1981,-42.00%,-33.91%,-37.61%,-12.87%,0.75%,-63.19%,43.46%,-62.39%,5.85%,43.43%,49.47%,85.41%,1.28%,8.81%,-12.78%,58.19%,156.55%,122.27%,-10.26%,-40.99%,-25.16%,6.97%,-27.20%,-12.11%,-3.03%,33.35%,-40.16%,-13.73%,-44.04%,-16.24%,0.00%
01/05/1981,-41.48%,-34.29%,-37.59%,-9.19%,3.79%,-63.94%,43.19%,-61.79%,2.44%,41.66%,46.97%,81.82%,-1.58%,10.44%,-11.85%,53.83%,151.44%,118.60%,-15.56%,-40.93%,-21.20%,8.17%,-25.46%,-13.67%,0.30%,33.51%,-39.73%,-13.18%,-43.54%,-15.62%,0.00%
01/06/1981,-41.02%,-32.76%,-35.68%,-13.64%,4.77%,-63.90%,47.96%,-63.26%,6.53%,43.72%,47.04%,73.40%,-2.94%,7.26%,-12.66%,52.51%,149.40%,124.87%,-10.05%,-37.88%,-21.34%,5.55%,-29.21%,-12.35%,-4.96%,32.42%,-39.43%,-13.40%,-41.59%,-17.25%,0.00%
01/07/1981,-40.70%,-32.39%,-33.22%,-18.34%,4.26%,-64.35%,50.81%,-64.09%,4.26%,41.70%,41.61%,76.53%,-0.64%,3.19%,-14.32%,44.74%,165.78%,148.43%,-1.53%,-35.13%,-19.77%,3.54%,-30.65%,-13.47%,-7.55%,30.00%,-40.11%,-17.08%,-42.43%,-17.17%,0.00%
01/08/1981,-39.99%,-32.11%,-32.92%,-18.17%,6.40%,-64.37%,51.49%,-64.67%,3.98%,40.72%,41.43%,74.59%,-1.29%,4.92%,-16.64%,37.06%,183.83%,133.08%,-1.73%,-31.69%,-15.49%,3.47%,-31.35%,-14.52%,-9.13%,35.15%,-40.08%,-20.82%,-41.89%,-18.31%,0.00%
01/09/1981,-38.07%,-28.98%,-29.25%,-15.60%,6.77%,-63.34%,54.64%,-63.29%,0.10%,45.00%,36.03%,67.12%,-5.77%,4.78%,-15.58%,37.54%,154.48%,124.41%,-8.71%,-31.91%,-8.69%,1.70%,-30.28%,-14.81%,-9.52%,29.67%,-38.52%,-18.84%,-40.28%,-21.00%,0.00%
01/12/1980,-36.21%,-27.36%,-29.33%,-11.00%,9.79%,-64.97%,49.58%,-62.57%,0.32%,44.82%,28.41%,59.19%,-7.39%,2.70%,-28.01%,39.84%,137.77%,141.88%,-5.08%,-32.67%,-8.65%,6.33%,-31.22%,-18.14%,-6.75%,33.61%,-38.83%,-14.26%,-39.40%,-18.46%,0.00%
01/01/1981,-33.82%,-23.00%,-29.07%,-13.39%,10.11%,-64.82%,63.43%,-62.62%,2.56%,57.54%,27.56%,62.63%,-12.17%,1.63%,-27.80%,30.99%,121.99%,126.31%,-13.56%,-33.53%,-2.28%,5.81%,-35.89%,-16.11%,-3.35%,31.42%,-37.67%,-12.10%,-40.05%,-20.00%,0.00%
01/02/1981,-33.83%,-22.33%,-28.38%,-12.22%,10.25%,-62.48%,63.69%,-62.79%,4.18%,55.82%,29.07%,63.03%,-11.20%,1.34%,-24.54%,23.49%,108.99%,119.01%,-15.96%,-35.94%,-2.43%,4.18%,-37.03%,-11.16%,-3.59%,26.62%,-37.10%,-6.42%,-40.25%,-20.96%,0.00%
01/01/1982,-32.66%,-19.12%,-26.26%,-6.42%,7.91%,-59.84%,65.28%,-61.39%,1.51%,62.95%,23.69%,52.26%,-13.98%,1.53%,-23.53%,22.25%,82.49%,107.69%,-21.26%,-34.91%,0.46%,2.19%,-33.60%,-11.40%,-4.81%,26.87%,-34.82%,-5.06%,-40.15%,-22.22%,0.00%
01/02/1982,-30.06%,-16.67%,-25.58%,-7.73%,11.32%,-59.34%,66.23%,-60.32%,-1.30%,62.10%,22.05%,52.06%,-17.13%,2.20%,-22.42%,20.39%,76.34%,90.47%,-26.25%,-32.21%,-0.67%,1.44%,-33.89%,-10.08%,-5.18%,28.48%,-32.22%,-3.92%,-39.16%,-21.79%,0.00%
01/03/1982,-27.72%,-12.58%,-22.73%,-2.74%,11.45%,-58.86%,67.87%,-61.27%,-2.35%,63.12%,18.56%,44.47%,-20.53%,4.82%,-18.60%,21.14%,55.02%,78.39%,-28.76%,-30.99%,1.54%,-0.52%,-36.29%,-11.22%,-4.26%,27.64%,-28.75%,4.35%,-39.69%,-23.04%,0.00%
01/04/1982,-26.57%,-8.11%,-20.93%,-3.47%,11.89%,-59.98%,69.74%,-60.29%,-2.26%,71.88%,16.51%,39.85%,-23.96%,6.73%,-18.32%,23.53%,47.07%,75.77%,-29.04%,-31.66%,-3.50%,2.61%,-34.65%,-12.80%,-5.44%,25.43%,-27.78%,5.14%,-40.60%,-22.02%,0.00%
01/05/1982,-25.51%,-6.80%,-21.51%,-4.63%,10.32%,-59.21%,76.77%,-59.94%,-2.75%,73.57%,15.30%,35.79%,-27.03%,7.19%,-15.06%,21.91%,42.58%,64.93%,-24.40%,-29.32%,-0.73%,1.19%,-35.58%,-13.67%,-7.91%,28.00%,-26.85%,4.24%,-41.58%,-22.09%,0.00%
01/06/1982,-22.97%,-3.56%,-18.36%,-1.71%,11.58%,-58.03%,84.28%,-59.70%,-6.20%,70.90%,13.48%,28.50%,-30.65%,6.44%,-10.55%,22.21%,32.23%,57.52%,-28.29%,-29.96%,-1.94%,-0.15%,-36.17%,-12.14%,-5.90%,28.97%,-23.32%,8.54%,-42.28%,-23.60%,0.00%
01/07/1982,-21.13%,6.53%,-21.38%,-0.97%,11.96%,-56.55%,85.96%,-58.66%,-8.66%,76.45%,13.00%,24.88%,-33.43%,6.68%,-12.31%,28.39%,24.84%,43.85%,-32.70%,-30.54%,0.97%,0.81%,-33.74%,-12.39%,-9.92%,29.40%,-21.53%,9.78%,-43.00%,-22.41%,0.00%
01/08/1982,-25.05%,-2.08%,-20.33%,-10.33%,11.65%,-56.44%,85.03%,-58.55%,-5.90%,70.90%,16.06%,26.36%,-34.06%,9.94%,-9.21%,37.73%,35.82%,41.68%,-34.25%,-30.68%,-0.33%,0.45%,-33.33%,-10.61%,-10.66%,34.83%,-21.89%,8.62%,-43.37%,-24.13%,0.00%
01/09/1982,-23.68%,2.36%,-18.12%,-11.85%,19.32%,-56.99%,102.74%,-58.68%,-7.83%,72.60%,15.23%,17.72%,-38.31%,5.30%,-12.11%,35.56%,32.46%,36.37%,-34.03%,-31.07%,-0.95%,4.38%,-33.83%,-11.61%,-14.59%,38.04%,-18.86%,7.44%,-40.93%,-22.89%,0.00%
01/12/1981,-28.47%,-4.20%,-19.12%,-5.75%,22.71%,-57.64%,99.91%,-60.76%,-8.67%,78.45%,22.22%,12.93%,-39.60%,10.03%,-8.65%,35.87%,33.99%,30.71%,-39.18%,-36.92%,-6.10%,8.97%,-31.82%,-9.57%,-10.67%,44.58%,-15.85%,6.73%,-39.87%,-21.62%,0.00%
01/01/1982,-27.20%,-0.25%,-16.72%,0.48%,20.11%,-54.66%,101.86%,-59.30%,-11.00%,86.62%,17.13%,5.46%,-41.49%,10.24%,-7.43%,34.50%,17.00%,23.96%,-43.01%,-35.91%,-3.32%,6.89%,-28.11%,-9.81%,-11.79%,44.87%,-12.80%,8.28%,-39.78%,-22.87%,0.00%
01/02/1982,-24.39%,2.77%,-15.95%,-0.93%,23.91%,-54.09%,103.02%,-58.17%,-13.47%,85.65%,15.58%,5.32%,-43.63%,10.96%,-6.09%,32.45%,13.06%,13.68%,-46.62%,-33.25%,-4.41%,6.11%,-28.42%,-8.47%,-12.14%,46.71%,-9.31%,9.59%,-38.78%,-22.44%,0.00%
01/01/1983,-28.28%,-0.15%,-20.89%,-0.69%,14.59%,-54.46%,89.22%,-59.43%,-9.44%,85.21%,14.17%,9.10%,-42.73%,13.30%,-8.10%,37.49%,26.95%,18.06%,-47.07%,-33.81%,3.10%,9.96%,-25.74%,-11.30%,-10.21%,47.20%,-12.78%,6.07%,-41.24%,-21.27%,0.00%
01/02/1983,-30.08%,0.92%,-22.14%,5.01%,20.25%,-54.03%,99.04%,-59.76%,-8.94%,89.60%,15.19%,9.46%,-44.36%,15.19%,-11.00%,41.44%,3.35%,3.76%,-49.15%,-35.24%,-0.93%,12.96%,-25.79%,-9.34%,-8.24%,54.86%,-9.23%,12.03%,-40.15%,-20.28%,0.00%
01/03/1983,-28.78%,8.48%,-20.60%,-2.79%,26.03%,-55.54%,116.51%,-59.41%,-11.28%,97.78%,17.15%,8.60%,-46.10%,8.89%,-15.03%,44.24%,3.23%,-0.35%,-47.96%,-37.46%,-3.91%,11.61%,-28.04%,-9.94%,-10.16%,54.65%,-2.90%,11.82%,-38.27%,-21.26%,0.00%
01/04/1983,-29.81%,7.05%,-22.31%,-4.05%,28.80%,-55.84%,121.66%,-60.05%,-9.45%,98.00%,14.56%,4.63%,-46.52%,2.37%,-7.11%,44.00%,6.25%,-4.06%,-46.50%,-38.66%,-5.42%,11.27%,-27.45%,-8.68%,-13.15%,54.67%,0.07%,12.09%,-36.82%,-19.37%,0.00%
01/05/1983,-31.96%,0.99%,-27.95%,0.11%,26.03%,-59.48%,116.89%,-62.07%,-7.62%,97.95%,14.24%,12.12%,-45.16%,7.18%,-10.68%,42.29%,15.14%,4.85%,-47.11%,-38.49%,-8.85%,12.89%,-27.40%,-7.75%,-11.16%,54.34%,-2.30%,13.14%,-37.89%,-16.53%,0.00%
01/06/1983,-33.74%,-3.03%,-31.10%,1.20%,28.63%,-59.37%,125.88%,-60.97%,-10.40%,104.73%,8.94%,5.46%,-45.33%,10.48%,-4.92%,46.31%,8.43%,9.40%,-45.79%,-41.18%,-12.26%,12.42%,-25.70%,-12.89%,-7.40%,59.04%,-0.03%,17.43%,-40.20%,-16.78%,0.00%
01/07/1983,-33.25%,-0.19%,-28.02%,-1.91%,27.66%,-60.49%,120.53%,-61.87%,-7.32%,110.10%,8.54%,8.12%,-44.86%,6.06%,-3.32%,43.55%,11.55%,11.36%,-45.26%,-38.63%,-13.91%,6.74%,-26.71%,-11.04%,-9.01%,52.83%,0.98%,14.72%,-39.96%,-15.93%,0.00%
01/08/1983,-31.61%,3.45%,-23.64%,-3.38%,25.58%,-60.81%,107.13%,-62.12%,-0.54%,110.38%,4.58%,17.03%,-45.47%,4.19%,-6.05%,35.89%,13.96%,12.91%,-41.06%,-37.45%,-11.66%,4.71%,-27.06%,-10.73%,-10.78%,49.54%,-4.07%,10.46%,-38.99%,-20.24%,0.00%
01/09/1983,-29.61%,5.94%,-18.89%,-3.30%,27.30%,-60.50%,104.64%,-62.51%,-3.00%,109.41%,5.72%,11.49%,-44.53%,5.28%,-3.73%,40.33%,-0.54%,15.04%,-45.33%,-35.98%,-11.70%,4.33%,-27.01%,-9.29%,-11.69%,50.11%,-4.34%,12.78%,-39.19%,-20.14%,0.00%
01/12/1982,-24.95%,6.38%,-14.18%,-4.38%,24.75%,-59.81%,101.70%,-62.14%,-2.73%,107.24%,4.27%,9.19%,-45.45%,5.98%,1.61%,40.49%,-9.04%,10.58%,-44.73%,-32.00%,-13.53%,-2.90%,-29.17%,-5.44%,-7.46%,47.07%,-2.12%,13.35%,-39.08%,-23.69%,0.00%
01/01/1983,-28.80%,3.35%,-19.23%,-4.15%,15.37%,-60.13%,87.99%,-63.28%,1.80%,106.75%,3.00%,13.10%,-44.57%,8.21%,-0.56%,45.83%,2.14%,14.84%,-45.20%,-32.58%,-6.75%,0.62%,-26.52%,-8.36%,-5.43%,47.56%,-5.86%,9.72%,-41.53%,-22.54%,0.00%
01/02/1983,-30.59%,4.46%,-20.50%,1.35%,21.07%,-59.76%,97.75%,-63.58%,2.36%,111.65%,3.91%,13.47%,-46.15%,10.02%,-3.70%,50.02%,-16.85%,0.93%,-47.35%,-34.04%,-10.39%,3.37%,-26.57%,-6.33%,-3.35%,55.25%,-2.03%,15.88%,-40.44%,-21.56%,0.00%
