,Fidelity UK Select W Acc,FTF Franklin UK Managers' Foc W Acc,FTF Franklin UK Rising Dividends W Acc,GlobalAccess UK Opportunities M Acc GBP,IFSL CAF UK Equity A Acc,Invesco UK Opports (UK) Z (Acc),JPM UK Equity Plus C Net Acc,LF IM UK Growth A Inc,Liontrust MA UK Equity S Acc,Liontrust Special Situations I Inc
ISIN,GB00BFRT3942,GB00B7MPWT49,GB00B5MJ5601,IE00B0XXCK95,GB00B5LJ4860,GB00B8N46S41,GB00BW4Q9B11,GB00B3TZW115,GB00BCZW5M11,GB00B57H4F11
Average Market Cap (mil) (Long),17201.67784,6444.00599,13375.22426,8128.68048,9983.29586,18575.40077,26710.78878,46690.5111,11906.10105,6163.83079
Value-Growth Score (Long),171.179,141.125,138.292,97.768,97.098,75.971,96.11,83.548,122.055,194.763
Return,0.0,0.433019,0.793903,0.949263,1.474647,0.42694,1.451613,1.168007,1.610306,-0.184898
Return.1,-0.824668,-0.626305,-0.404327,-0.875486,-1.058798,-1.21062,-1.351351,-1.51441,-0.950872,-0.523032
Return.2,0.0,0.013701,-0.010545,0.130847,0.245369,0.076947,-0.08058,0.01754,0.4,0.410768
Return.3,0.723066,0.392712,0.696019,0.555374,0.040218,0.449937,0.806452,0.093532,-0.239044,0.84272
Return.4,0.610194,1.000682,1.235796,0.649773,0.865324,0.388388,-0.16,-0.061323,0.958466,1.479338
Return.5,-1.462719,-0.842153,-1.572441,-1.387992,-1.855772,-0.926266,-1.602564,-2.3054,-1.977848,-1.854862
Return.6,2.606807,2.457081,1.529245,1.571195,1.828387,1.667474,2.035831,1.788545,1.775626,0.92052
Return.7,1.023289,0.0,0.50207,1.998066,0.270834,0.412134,-0.319234,0.578692,0.555115,0.312113
Return.8,0.523926,1.507159,1.385384,0.853081,1.31338,1.136395,1.761409,1.93795,1.26183,1.373317
Return.9,1.042391,0.519673,0.386061,-0.344612,0.006973,0.723317,0.314713,0.491265,0.0,0.28576
Return.10,1.169188,1.73777,0.981682,1.32034,1.7211,1.044293,0.862745,1.495516,1.635514,1.292808
Return.11,1.019714,0.563669,1.037282,0.434378,0.409199,0.097654,0.466563,1.085872,0.536398,0.66366
Return.12,-1.41319,-1.605096,-1.64658,-0.957677,-0.966934,-1.709981,-0.851393,-0.989624,-0.914634,-1.375023
Return.13,-0.546075,-0.112204,-0.090767,-0.124766,-0.727464,0.479735,-1.092896,-0.247743,-0.692308,0.296466
Return.14,-0.411805,-0.185777,-0.191793,-0.218613,-0.14676,-1.125014,-0.710339,-0.56523,0.077459,-0.173093
Return.15,-1.447278,-1.27689,-1.704172,-1.72144,-0.365491,0.074929,-0.238474,-0.956017,-0.696594,-1.139062
Return.16,-1.118881,-0.341985,-1.075214,0.127389,-0.59423,0.022185,0.318725,-0.481173,-0.779423,-0.852671
Return.17,0.49505,-0.030796,0.416038,0.318066,0.318643,0.55172,1.032566,0.97865,0.628437,0.685826
Return.18,1.618578,2.138802,2.045678,1.04629,1.293349,0.565237,0.707547,1.179728,1.014832,1.911017
Return.19,-0.311634,-0.48688,-1.080999,-0.219642,-0.055966,0.224824,-0.312256,-1.222989,0.15456,-1.121927
Return.20,-0.173671,0.835643,0.795239,1.415094,0.216766,1.023116,1.252937,1.572917,-0.154321,0.595494
Return.21,-1.565762,-1.958006,-1.170722,-1.829457,-0.288136,-1.952395,-2.242846,-1.608229,0.386399,-0.917284
Return.22,0.848356,0.93724,0.746807,0.347442,0.380402,0.287229,0.949367,0.831697,0.307929,0.610905
Return.23,1.647389,0.455591,1.088901,0.818382,-0.070904,1.04924,1.802508,2.113644,-0.613968,0.727565
Return.24,0.448276,0.185729,-0.101143,0.84296,0.04051,0.626823,-0.307929,0.471195,-0.15444,0.308044
Return.25,-0.789564,-0.487174,-1.047889,-0.866873,-0.436366,-1.681879,-1.544402,-1.761487,-0.232019,-0.288566
Return.26,-1.868512,-1.3647,-1.07945,-1.561524,-0.462219,-0.151507,-1.333333,-2.176693,0.155039,-1.128398
Return.27,0.881523,0.663241,1.0964,0.920051,-0.654095,1.451155,1.192369,0.374728,-1.393189,0.730417
Return.28,1.223348,0.772319,1.340291,1.823326,0.493742,1.598999,1.335428,1.490421,0.235479,1.770147
Return.29,1.76105,2.290539,1.393236,1.728929,2.18658,1.075988,2.48062,2.54926,2.349256,1.616241
Return.30,0.373261,0.774636,0.323608,0.242792,0.564005,0.161534,0.680787,0.283625,0.918133,1.306971
Return.31,-0.371873,-0.462049,-0.526028,-0.333031,-0.228767,0.470601,0.300526,0.055455,-0.379075,-0.575078
Return.32,1.357313,0.354475,0.0,0.212637,-0.063213,-0.160518,-0.524345,0.005542,-0.456621,0.383897
Return.33,0.903917,1.013414,0.304315,1.060928,0.65795,0.774887,0.903614,1.363616,0.535168,0.813298
Return.34,-1.260783,-1.461161,-1.427435,-1.919616,-0.675077,-1.87263,-1.492537,-1.28968,0.076046,-1.074807
Return.35,-0.369624,-1.339191,-0.544932,-1.223242,-1.390582,-1.780431,-0.30303,-0.459809,-1.519757,-0.593093
Return.36,0.775717,1.130427,0.319618,1.517028,0.809366,0.113972,0.911854,0.628116,0.925926,0.108011
Return.37,-1.639893,-1.007706,-1.228886,-2.287283,-0.18697,0.018974,-2.334337,-2.362425,-0.229358,-0.629383
Return.38,0.0,0.252352,-0.102401,0.686642,-0.427539,0.254743,0.848111,-0.080271,-0.306513,-0.791066
Return.39,0.884655,0.533299,1.091692,0.650961,0.93702,0.98124,1.911315,1.328398,1.152959,0.925057
Return.40,2.057336,2.384994,1.815048,1.601478,1.287225,1.863105,2.4006,1.979217,0.987842,2.119749
Return.41,0.231328,0.43107,0.468081,0.363747,0.779757,0.609676,0.29304,0.719125,0.902935,0.84193
Return.42,0.824266,1.077177,1.065623,1.087285,0.920824,1.217187,1.241782,1.3949,0.372856,0.895073
Return.43,-0.196207,-0.183741,-0.441371,0.83657,0.432999,0.676112,1.298701,0.462195,0.742942,0.124248
Return.44,-0.491481,-1.002209,0.054185,-0.02963,-0.695091,-0.917643,-0.42735,-0.581852,-0.589971,-0.565869
Return.45,-0.856108,-1.115656,-1.275108,-0.711322,-0.318449,0.129349,-0.858369,-1.137848,-0.37092,-1.228035
Return.46,-1.92627,-1.353892,-1.286591,-2.298507,-1.13895,-3.06162,-1.875902,-2.467096,-0.893522,-1.907915
Return.47,-3.860481,-4.02423,-4.036373,-3.941338,-3.786479,-5.018657,-5.073529,-5.239682,-4.132231,-3.72002
Return.48,2.430433,1.906696,1.784586,2.894402,0.55791,2.00073,2.711077,3.300959,0.23511,1.955958
Return.49,-0.481431,-0.255533,-0.739591,0.49459,0.571991,0.558459,0.452489,-0.190344,0.39093,1.320071
Return.50,-2.280581,-0.147634,-1.771571,-1.968625,-0.408982,-0.96025,-2.327327,-2.106449,-0.233645,-1.504908
Return.51,1.343706,2.191686,1.97857,2.384688,0.74361,1.350754,1.691007,1.924496,0.234192,1.67254
Return.52,-1.081647,-0.812766,-1.003901,-0.858106,-0.331675,-0.959363,-0.302343,-0.532855,-0.077882,0.212095
Return.53,-4.126984,-2.183706,-2.028163,-2.936631,-1.872457,-2.886706,-2.42608,-2.928931,-1.714731,-1.551208
Return.54,1.508462,1.868421,2.064786,1.146497,-0.136329,1.311986,1.787102,1.286704,-0.634417,1.266287
Return.55,0.94237,1.291656,1.219064,1.259446,1.419408,2.114508,1.832061,1.371039,1.596169,1.770828
Return.56,1.256732,0.820369,0.903286,1.368159,1.700952,1.407872,0.5997,1.232729,1.649647,1.198168
Return.57,1.595745,0.729373,0.2984,1.226994,1.309302,3.049456,2.459016,1.89583,1.081917,1.593726
Return.58,1.535777,0.577599,1.087458,1.0,0.600945,0.414133,0.945455,0.971341,0.535168,0.814054
Return.59,1.718804,1.385768,0.740854,1.410141,1.475812,1.130253,1.152738,1.164497,1.901141,1.131455
Return.60,2.365664,2.048188,1.853624,2.159763,1.588765,1.566735,2.849003,2.454987,1.492537,1.485257
Return.61,1.221525,0.921084,1.46877,0.92673,0.922984,0.851334,1.038781,1.187114,1.323529,1.298515
Return.62,0.293542,0.302897,0.901647,0.286944,0.454703,-0.844148,-0.822481,-0.298038,0.798258,0.583097
Return.63,-0.097561,0.361585,-0.125586,-0.314735,-0.599726,-0.297332,0.207326,0.252731,-0.719942,0.025817
Return.64,-0.260417,0.019796,-0.957586,0.54535,0.55407,-0.660159,-0.137931,0.105717,0.652647,0.169649
Return.65,0.881201,0.98959,1.220763,-0.142735,0.229594,0.466978,0.552486,0.815056,-0.216138,0.610658
Return.66,-1.035264,-0.827029,-1.095084,0.028588,-0.834178,-1.27439,-1.373626,-2.092342,-0.649819,-1.059794
Return.67,0.686499,0.383369,-0.102429,-0.428694,-0.43821,0.095714,0.139276,0.392297,-0.290698,0.584697
Return.68,-0.616883,-1.181149,-0.424784,-0.315729,-0.112119,-0.0827,-1.668985,-1.565788,-0.145773,-0.481239
Return.69,1.960144,0.872545,1.41218,1.065361,0.407556,-0.258652,1.202263,2.218089,0.510949,1.263974
Return.70,0.096123,-0.094794,-0.091867,0.42735,0.517962,-1.050257,-0.279525,0.051601,0.87146,0.45389
Return.71,-0.992318,-0.470467,-0.154866,-0.340426,-0.526897,0.990644,0.210231,0.627036,-0.647948,-0.350646
Return.72,-1.228581,-1.354518,-0.092094,-0.227726,-0.899796,-0.687687,-1.398601,-1.405411,-0.942029,-0.769885
Return.73,0.229133,0.881856,1.072191,0.456491,1.404611,0.091455,1.77305,1.419973,1.755669,0.585463
Return.74,-0.914435,-1.532751,-0.892814,-0.511218,-1.434326,-2.179872,-2.578397,-1.594324,-1.437815,-0.563127
Return.75,0.922874,0.729661,0.329346,0.542392,0.743048,1.69202,1.001431,0.381052,0.656455,1.427688
Return.76,-0.065317,-0.438649,-0.559981,-1.135718,-0.148729,-1.159983,0.070822,-0.483382,-0.217391,-0.373012
Return.77,-2.941176,-2.105901,-2.679742,-1.751867,-1.595111,-2.886198,-3.892427,-2.98573,-1.888163,-1.709563
Return.78,0.774411,0.916636,0.713324,0.584624,-0.512669,0.948735,1.030928,1.097533,-0.888231,1.298484
Return.79,1.169395,0.941042,0.797424,1.046207,0.541642,2.006934,2.040816,1.317851,0.448096,0.506114
Return.80,0.264201,0.044587,-0.201464,-0.747771,0.651879,-0.63723,0.285714,1.262047,0.966543,0.355319
Return.81,-2.338603,-1.924479,-1.240768,-2.086352,-0.777845,-1.015418,-1.994302,-1.628123,-0.810015,-1.503001
Return.82,-4.822934,-4.515223,-3.81394,-5.060669,-5.656989,-3.177388,-6.177326,-5.910565,-6.23608,-5.925203
Return.83,-0.389794,-0.445617,-0.331727,0.124688,0.664732,-1.385713,-0.852053,0.371254,1.187648,0.690824
Return.84,-1.422981,-1.764374,-1.716158,-1.15193,-1.779247,-2.937601,-2.109375,-2.398356,-1.330203,-1.940137
Return.85,4.438831,4.383986,2.793799,2.614173,2.524264,4.981066,4.389465,3.884239,2.061856,3.736641
Return.86,-0.967519,-0.250042,0.247079,-0.399018,0.125619,-1.562153,-0.764526,-0.829742,0.1554,-0.333523
Return.87,-0.697837,-2.10732,-0.559692,-1.171032,-1.601959,-2.074584,-1.92604,-0.263127,-0.930954,-0.584998
Return.88,-0.456781,-1.47563,0.113601,0.093545,-0.952155,-0.279209,-2.199529,-1.568104,-0.783085,-1.027278
Return.89,0.705965,-0.392053,0.526099,-0.436137,0.04237,0.34638,-0.481928,1.114256,-0.078927,1.441024
Return.90,-2.698913,-3.356625,-3.319651,-3.53567,-3.299327,-3.198711,-2.582728,-2.552418,-2.764613,-2.483485
Return.91,0.288184,-1.15316,-0.122061,0.194616,-0.117658,-0.178295,0.41425,0.528745,1.056052,-0.705445
Return.92,-2.227011,-2.032313,-1.498406,-1.230172,-1.47683,-2.625625,-1.320132,-2.234586,-1.527331,-2.28013
Return.93,-0.036738,-0.335507,-0.253533,0.327761,-0.922871,1.048609,0.0,0.258109,-1.795918,0.120735
Return.94,1.54355,1.261201,1.368233,1.40477,1.447041,1.66702,1.170569,0.638958,1.163757,0.587218
Return.95,3.474484,3.909725,3.617157,2.609536,3.31091,2.297346,4.297521,1.818406,3.286771,2.994527
Return.96,0.524659,-0.004506,0.236845,0.21978,-0.418711,0.529439,-0.713154,-0.414699,-0.556881,-0.417521
Return.97,-0.869868,-0.374026,-0.775632,-1.315789,0.251227,-0.248857,-0.399042,-1.322229,0.56,-0.523454
Return.98,1.404001,1.533382,1.516799,2.15873,1.473081,0.980506,2.483974,1.814317,1.511535,1.777869
Return.99,1.246106,-0.418764,1.030087,0.279677,1.111796,1.065786,1.250977,1.346323,2.272727,1.081719
Return.100,2.290598,1.686575,1.559661,2.014255,0.421398,1.043177,2.548263,2.385217,0.766284,1.41527
Return.101,0.334225,0.479542,0.621241,-0.212637,0.196915,1.18994,0.301205,0.244919,0.076046,0.381932
Return.102,-0.966023,0.179517,-0.731009,0.365297,-0.489924,-1.078647,-0.750751,-0.927838,-1.215805,-0.595107
Return.103,-0.16818,-0.428322,-0.004976,-0.545951,0.178309,-1.259028,0.075643,-0.619459,1.0,-0.336139
Return.104,2.22372,1.804056,1.870926,2.31778,0.916013,2.060623,1.738473,1.831556,0.609292,1.735598
Return.105,0.0,-0.047428,0.009769,-1.281669,0.367106,-0.387629,0.445765,0.974732,0.984103,0.92438
Return.106,0.725115,-0.28039,-0.273504,1.388889,-0.938829,-0.506719,0.147929,0.333266,-0.89955,-0.915913
Return.107,2.126963,3.110265,2.135266,2.561048,2.311334,1.342187,2.584934,2.63723,2.496218,2.780399
Return.108,0.897148,0.952341,-0.004795,0.406504,0.635103,0.699689,1.943844,0.516125,0.738007,0.692188
Return.109,0.57161,0.565183,0.882325,1.12782,0.830642,0.264696,-0.706215,-0.235921,0.659341,0.533109
Return.110,0.094727,0.966982,0.50385,0.686303,0.212686,-1.091739,-0.782361,0.055642,0.727802,1.418737
Return.111,-0.347003,-0.106413,-0.477677,-0.198807,-0.474954,-0.216865,-0.143369,-0.424399,-0.794798,-0.233913
Return.112,-1.044634,-1.069365,-2.01017,-1.53671,-1.756786,-1.944886,-1.7229,-2.062148,-1.165331,-0.682696
Return.113,1.535509,1.408101,0.984481,1.647399,0.265591,0.258589,2.191381,2.461316,0.884304,1.152591
Return.114,-0.913674,-1.168014,-0.437017,-1.3648,-1.000489,-1.932997,-1.286633,-0.361317,-0.657414,0.471342
Return.115,-1.240064,-1.508264,-1.456685,-0.922456,-0.29128,-1.00289,-1.66546,-1.18137,-0.073529,-0.947371
Return.116,1.706375,0.44892,2.369065,1.367472,0.255106,3.398242,2.650957,1.614059,0.441501,0.517082
Return.117,0.443178,0.158717,-0.215167,-0.086108,0.758119,-0.691758,0.35868,1.041079,1.538462,0.55685
Return.118,1.3867,0.813178,1.130864,1.120368,0.556218,1.668941,1.85847,1.474325,0.649351,1.816539
Return.119,-0.031085,-0.285419,-0.251125,0.653409,-0.382828,-0.461422,-0.210526,0.214634,-0.358423,-0.175227
Return.120,1.616915,1.663486,2.094813,1.778154,1.881707,1.972243,1.898734,1.504709,2.733813,0.868554
Return.121,-1.19339,-1.211899,-1.246918,-0.859678,-1.252845,-0.391228,-0.690131,-0.646523,-1.40056,-1.410265
Return.122,-0.836172,-0.689798,0.136631,0.27972,0.054125,-0.425956,-0.555942,-0.476476,0.284091,-0.353025
Return.123,1.249219,1.468203,0.766914,1.004184,0.58135,1.241667,0.349406,0.262632,0.0,0.648738
Return.124,-0.524368,-2.250369,-0.373535,-1.077051,-0.368187,-2.296485,-0.835655,-0.054572,1.274788,-0.537131
Return.125,-0.930233,-1.144798,-1.377888,-0.893356,-2.978556,-0.876158,-1.053371,-1.40326,-3.426573,-2.123357
Return.126,-1.596244,-2.22703,-1.829587,-1.71831,-1.925695,-2.433566,-1.561391,-1.725045,-1.737871,-2.174117
Return.127,1.590331,3.496898,1.805596,0.429923,1.647874,1.585412,1.009373,1.062211,1.989683,1.735228
Return.128,1.252348,0.645567,0.717988,1.255708,0.364656,0.848935,1.213419,1.014804,0.361272,0.254783
Return.129,0.278293,1.495273,0.81201,1.860203,1.181464,0.646222,-0.423131,0.110397,1.583873,0.487093
Return.130,-0.308356,1.674327,0.697762,1.881572,1.070112,2.799211,0.070822,-0.890469,0.070872,0.217778
Return.131,0.742345,0.310785,0.767335,-0.706138,0.43414,0.862919,1.415428,0.650904,0.141643,0.57247
Return.132,-0.337734,-0.394319,0.239985,-0.218818,-0.348716,-0.380238,1.116539,1.243644,-0.141443,0.269504
Return.133,-3.049908,-3.021612,-3.116943,-2.960526,-2.919135,-4.348537,-2.760524,-3.51313,-3.116147,-3.250846
Return.134,1.97013,2.315991,0.959939,1.412429,0.24694,2.602326,0.709723,0.503579,0.365497,-0.440666
Return.135,-0.218136,0.834589,0.691928,-1.002786,2.198388,1.333444,0.0,-0.723434,1.238165,-0.214092
Return.136,0.562149,-0.165536,0.579656,1.04108,0.557151,0.084985,1.127555,0.584099,0.719424,1.62239
Return.137,-0.186335,0.55405,0.543781,-0.11139,-0.513896,-0.150652,0.0,0.275103,-0.142857,1.33792
Return.138,1.897946,1.765605,1.936856,0.919989,1.319801,1.72551,1.672474,0.560184,1.502146,2.191063
Return.139,-0.732824,-0.430779,-1.337747,-0.331492,-0.658551,-1.102961,-0.685401,-0.664518,-0.563777,-1.035391
Return.140,0.584436,0.777963,0.730799,-0.166297,-0.064745,0.864396,0.828157,0.876768,-1.063076,0.891142
Return.141,1.896024,1.788106,1.615258,1.027207,2.391237,1.030008,1.574264,1.216243,2.936963,2.216206
Return.142,-1.380552,-1.002167,-1.827571,-0.687002,-1.892967,-1.889165,-1.684636,-1.879112,-2.505219,-1.344436
Return.143,3.256239,3.431698,2.666606,2.628666,1.564198,4.464748,3.084304,1.807126,0.785153,2.011148
Return.144,0.943118,1.674035,1.577118,1.590725,3.376266,1.200982,2.659574,2.428133,4.107649,2.174446
Return.145,1.19708,1.557273,1.350877,0.955414,1.269773,1.387957,0.841969,1.337875,1.22449,1.014974
Return.146,-1.35603,-0.742909,-1.012636,-0.078864,-0.216033,-0.814249,-0.899165,-1.161571,-0.134409,-0.702262
Return.147,0.058497,-0.247032,-0.183615,-1.262826,-0.426656,0.295023,1.166559,-0.095215,-0.672948,-0.483092
Return.148,1.344636,1.655886,1.099334,1.065814,0.38263,0.202072,2.498398,1.677377,0.067751,1.023353
Return.149,-0.201904,-0.294513,-0.259932,-0.896388,-0.513683,-1.120641,0.0,-0.313337,-0.406229,-0.084416
Return.150,-2.630058,-2.293779,-2.766798,-3.059324,-2.352063,-3.402607,-4.5,-3.677834,-1.4276,-2.372132
Return.151,2.315227,1.492927,1.911909,1.783754,1.548497,0.943421,2.356021,1.891002,1.517241,0.991879
Return.152,0.580215,0.676645,-0.306829,-0.026961,0.016815,0.450093,1.85422,0.678857,-0.543478,0.327379
Return.153,-0.115374,-0.157066,0.004397,-0.107875,0.525148,0.079072,-0.81607,0.489396,0.751366,0.424861
Return.154,-11.521802,-10.829004,-10.5122,-10.74514,-8.66123,-10.950751,-12.405063,-11.049784,-7.050847,-9.571267
Return.155,-2.774151,-1.464675,-1.488651,-2.722323,-2.071585,-1.827753,-1.300578,0.161212,-2.69876,-1.145489
Return.156,-11.010406,-13.032435,-12.163982,-15.205224,-13.631644,-15.096102,-13.762811,-12.220231,-15.517241,-10.570355
Return.157,-10.071671,-13.228324,-7.05201,-6.930693,-10.830038,-9.4667,-10.526316,-8.434527,-11.002662,-7.998036
Return.158,5.075503,6.543809,5.729994,7.171001,8.196779,8.587106,8.159393,6.441984,11.166501,5.221336
Return.159,-3.872255,0.227861,-1.970187,-3.566176,-2.060672,-2.032051,-2.45614,-0.713474,-1.973094,-0.309964
Return.160,7.848837,8.205022,7.779808,10.446054,4.531635,6.270493,8.183453,7.21104,3.568161,6.766917
Return.161,2.079322,0.401108,2.034232,-1.691405,1.015132,1.227249,1.66251,1.573963,0.353357,1.088108
Return.162,-1.018484,-0.028536,-1.366633,-1.720506,1.126777,-0.041097,0.735895,0.062377,2.200704,0.057617
Return.163,1.105183,0.328259,1.380135,1.964987,2.456466,-0.620139,-1.055195,-0.304538,4.306632,1.463159
Return.164,0.640784,0.99578,0.686033,1.506657,-0.855166,1.420396,1.804758,2.808372,-2.477291,1.08348
Return.165,-0.898876,-2.286492,-2.853189,-1.622368,-1.170666,-1.764226,-2.739726,-2.420947,-1.016088,-1.115251
Return.166,3.892668,2.397655,2.668493,3.368421,3.451195,2.169625,2.816901,3.704932,3.849444,3.540919
Return.167,4.947254,4.223171,4.088168,2.070604,3.737884,3.366524,3.384367,3.505405,3.047776,2.617214
Return.168,2.079723,3.453244,3.507153,6.31859,2.888266,5.016383,3.741231,3.297077,2.478018,1.657143
Return.169,-4.448217,-4.06911,-4.10165,-5.661558,-3.763083,-3.35403,-4.0571,-3.969607,-3.198128,-3.901492
Return.170,2.807392,2.935172,2.996023,2.785146,1.603068,2.492252,3.288958,2.62289,0.966962,2.370793
Return.171,-1.45178,-0.691935,-1.033151,-2.516129,-2.085138,-0.859897,-0.530705,-0.549417,-2.474062,-0.4982
Return.172,-0.736584,0.044379,-0.917245,-0.066181,0.865719,-0.371724,-0.685976,0.02747,1.800327,-0.65933
Return.173,-0.954064,-0.674267,-1.841244,-1.092715,-1.215387,-1.635946,-0.997698,-0.353961,-1.286174,-1.023005
Return.174,2.390296,1.893618,2.344727,1.171744,1.55378,2.515805,3.023256,2.636575,1.547231,1.646163
Return.175,-0.731707,-0.604865,-0.850219,-0.827267,-0.237307,-0.951899,-1.956358,-1.626041,0.400962,1.245009
Return.176,-1.614602,-1.993209,-1.735558,-2.535869,-2.629108,-1.918902,-1.611665,-1.434551,-2.955272,-0.605051
Return.177,1.819479,1.664792,1.013743,3.012667,1.215043,2.38289,1.24805,2.412382,0.576132,3.171826
Return.178,1.121233,1.110865,1.800217,1.429046,3.137703,0.200312,0.308166,0.345522,3.518822,0.747677
Return.179,-0.03465,-0.280137,-0.675847,-1.277851,-1.49649,-1.06302,-0.614439,-0.571891,-2.055336,-0.998198
Return.180,0.658579,0.223861,0.378594,0.03319,0.60644,-0.692774,1.081917,0.629385,0.242131,-0.670578
Return.181,-0.929752,-1.17374,-1.17737,-2.023889,-0.279642,-1.463037,-2.293578,-1.711755,-0.241546,-0.617239
Return.182,2.120264,1.276313,1.722626,2.946156,-0.180719,0.71452,1.173709,1.991231,-0.242131,0.936461
Return.183,0.918993,-0.323809,0.22816,-1.184211,0.705456,0.400286,1.160093,0.835871,0.566343,-0.213917
Return.184,-3.372681,-3.700777,-3.955888,-2.696405,-3.335193,-4.612492,-4.12844,-3.558529,-2.815768,-3.21081
Return.185,2.443281,2.183625,1.917202,1.91584,2.02655,1.175751,1.913876,1.384455,1.655629,1.179603
Return.186,2.350937,3.256748,1.896641,2.517623,2.520586,3.865789,3.364632,2.034699,1.302932,2.211181
Return.187,-0.63249,-0.898682,-1.009281,-1.538965,-1.802575,-1.325788,-1.892506,0.252233,-1.768489,0.43315
Return.188,-1.038526,-0.514453,-0.999078,-0.099767,0.14985,0.543995,-0.617284,-0.956074,-0.490998,-1.049454
Return.189,-5.111713,-4.956396,-5.030275,-5.958722,-3.852868,-5.580001,-5.900621,-4.883297,-3.865132,-3.883965
Return.190,5.351409,5.113427,4.533813,5.097345,4.383348,7.138665,5.940594,5.745212,4.961506,3.7386
Return.191,4.266847,7.413256,7.720377,8.454025,8.205988,8.061346,5.607477,1.563063,7.416463,3.931711
Return.192,0.357259,2.188917,0.401665,0.900621,0.752052,2.841468,1.179941,0.023632,-0.151745,0.672944
Return.193,-1.456311,-1.01107,-1.455632,0.369344,-0.843305,0.379798,-1.676385,-1.777857,-0.607903,-1.165139
Return.194,3.546798,3.217602,3.105894,3.771849,3.413401,4.476793,4.595997,4.341682,2.446483,2.627809
Return.195,-0.317158,-0.352016,-0.721063,-1.713948,-0.4501,-2.55992,-1.771793,-0.4697,0.746269,0.530868
Return.196,2.386255,1.197158,1.113341,1.533373,1.267095,1.966125,2.164502,1.215981,0.37037,1.365685
Return.197,-0.217526,-0.232721,-0.259912,0.236897,-1.648109,0.537006,0.211864,-0.466247,-1.107011,-0.085328
Return.198,0.249144,0.400435,0.080546,1.388479,3.457939,-0.738937,-0.916138,0.123574,3.059701,0.080906
Return.199,3.044424,3.295257,3.938834,2.972028,2.015168,5.860704,6.187767,5.625718,1.375815,3.15728
Return.200,-2.291227,-1.222072,-1.712594,-2.207131,-0.764656,-1.846292,-2.277294,-2.154891,-0.714286,-2.459837
Return.201,0.123419,-0.056926,-0.356828,0.347222,-0.246147,-1.304103,-1.507882,-0.461021,0.0,1.301107
Return.202,-2.434515,-3.064363,-2.074226,-2.306805,-3.38483,-2.305538,-3.270703,-3.395553,-3.093525,-1.396753
Return.203,1.831965,1.551238,1.035334,2.863046,1.959913,1.15771,2.014388,2.362523,1.180401,1.076927
Return.204,0.372208,0.505323,0.169221,0.918221,0.969288,0.178822,0.493653,0.99035,0.594321,1.637967
Return.205,0.216316,-0.157359,-0.098545,0.312767,1.089419,0.85956,1.122807,1.472355,1.086798,-0.561114
Return.206,-1.480111,-0.941801,-1.348114,-1.473923,0.416133,0.860402,-0.763359,-1.043502,0.598889,-1.66222
Return.207,1.596244,1.610462,1.876012,2.848101,0.52598,2.804848,2.657343,1.84469,-0.086071,1.861572
Return.208,1.540357,1.733883,1.509628,1.258741,1.072882,1.738354,1.498638,0.639274,1.048098,1.449813
Return.209,0.212379,0.454238,0.930061,-0.331492,0.428781,1.127917,-0.469799,-0.624355,0.64649,-0.275488
Return.210,0.060551,0.575507,0.606724,0.443459,-0.833073,-0.390495,1.011463,-0.417941,-1.087033,0.453221
Return.211,1.301059,0.089176,0.884193,0.910596,1.076341,-0.017936,0.667557,0.603484,1.564262,0.698249
Return.212,2.927121,2.724877,2.86305,2.95324,2.893356,2.257759,3.381963,2.334015,2.689676,3.390228
Return.213,1.01567,1.709371,0.956917,1.381142,1.509491,1.112726,1.411161,1.063121,1.170031,1.223715
Return.214,-0.574548,-0.66444,-1.181562,-1.257532,-1.223455,-1.147573,-1.075269,-1.305036,-0.804815,0.399576
Return.215,0.144467,0.089423,0.324107,0.610241,1.278888,0.323446,0.767263,0.467477,0.974978,-0.446719
Return.216,2.481246,2.508756,2.21776,2.347046,0.616455,3.6664,2.538071,2.520655,0.405132,0.87909
Return.217,-1.942568,-1.81983,-1.516187,-0.721464,-2.006028,-0.973987,-1.54703,-2.091733,-2.205783,-1.676136
Return.218,0.803905,1.150486,1.357388,0.103815,1.280694,0.046257,1.005657,0.310169,1.737725,1.168003
Return.219,1.053831,0.221161,0.085572,0.82966,1.224673,1.854285,0.933416,0.839664,1.036182,0.353673
Return.220,0.366404,0.360783,0.709644,0.719979,0.683618,0.069285,0.061652,0.502247,0.528499,0.516387
Return.221,0.449312,0.816697,1.044231,0.255297,-0.097694,0.408261,0.616143,-0.094687,-0.006655,0.433791
Return.222,-0.419346,-0.664682,-0.067216,-1.40056,0.298259,-1.973559,-1.163503,-1.01885,0.23293,-0.139917
Return.223,0.421112,0.292744,-0.395157,2.221074,-0.155999,0.715568,1.053284,0.891029,-0.172631,0.201032
Return.224,0.754822,1.257905,1.122647,-0.404245,-0.434549,0.012042,0.551809,0.031636,-0.285999,0.780221
Return.225,-0.221976,-0.092656,-0.409015,1.496702,0.019616,-1.15831,-0.609756,-0.51128,0.303495,-0.150814
Return.226,0.222469,-0.621715,-0.460984,-1.1997,-0.299078,-1.313193,-0.674847,-0.646358,-0.00133,-0.066459
Return.227,0.749168,1.368727,0.517851,1.239565,0.201623,0.111095,1.111797,0.802538,0.068496,0.453428
Return.228,0.413109,0.378478,-0.213613,-0.249875,0.78033,0.293458,0.122175,-0.044965,0.866583,1.434389
Return.229,1.83763,2.306464,1.649597,1.377756,0.54541,3.410376,1.586333,1.534798,0.86968,1.354772
Return.230,0.996499,0.461518,1.697155,1.680257,1.743595,2.161352,1.981982,1.355225,1.436969,0.70248
Return.231,-2.24,-1.288958,-1.400845,-0.947752,-1.885086,-1.79677,-2.237927,-1.054256,-1.564713,0.073633
Return.232,1.200218,0.813607,0.642425,0.981354,1.61079,1.839124,1.686747,1.489085,1.419507,1.554846
Return.233,0.889488,1.600797,1.186628,0.413022,0.496586,0.847103,0.829384,1.136916,0.664345,1.685479
Return.234,-1.202244,-1.124477,-1.168668,-1.040406,-1.38262,-1.862279,-1.351351,-0.949439,-1.563401,-1.351909
Return.235,0.135208,-0.479371,-0.12275,-0.782396,-0.115629,-0.206927,-0.357356,-0.513777,-0.214802,-0.642451
Return.236,-0.324062,-0.677673,-0.040967,-0.073928,0.51611,0.989656,0.597729,-0.436782,0.756686,-0.518432
Return.237,-1.788133,-2.545236,-2.008197,-1.257707,-0.686213,-0.195992,-2.436126,-2.823153,-1.230092,-2.147994
Return.238,-0.331034,-0.315739,-0.614806,-0.124875,-1.323927,1.54062,0.487211,0.321321,-1.435501,-0.951164
Return.239,2.075837,1.783378,1.031015,1.125281,1.008716,2.449694,3.030303,2.334692,1.230299,1.742029
Return.240,0.32538,-0.030442,0.724758,-0.098912,-0.121194,-0.170794,-0.176471,1.065701,0.223361,1.187621
Return.241,0.567568,0.128574,0.376313,0.148515,0.383439,-0.436721,0.058928,-0.12541,0.603041,-0.150324
Return.242,2.203709,2.237016,2.389486,2.026693,0.77362,1.089807,1.354535,2.507919,0.860047,1.563405
Return.243,0.946621,-0.532143,-0.201183,0.775194,1.554553,1.467233,0.522952,0.454465,1.337209,0.163436
Return.244,-1.094035,-1.392304,-1.310325,-1.394231,-0.396863,-1.388705,-0.809249,-0.364441,-0.337859,-0.808257
Return.245,-1.685541,-1.981466,-1.891494,-3.217942,-0.787402,-1.665325,-2.389277,-1.813733,-0.594857,-2.846213
Return.246,0.455398,1.100148,0.387258,0.629723,-2.361828,0.586484,1.373134,0.814428,-2.470883,0.817058
Return.247,2.373333,1.145986,2.13622,1.326658,2.384683,1.633935,1.825677,2.003058,2.592861,1.226395
Return.248,-1.067986,-0.672405,-0.678228,-0.197628,-1.353484,-0.511429,-0.92539,-1.479039,-1.086817,-0.964599
Return.249,1.47446,2.487815,1.970886,1.757426,1.061767,1.834965,1.926445,1.790333,1.696899,2.748612
Return.250,0.363259,0.627498,0.156388,0.754074,1.851763,-0.002195,-0.171821,0.027404,1.061245,0.676829
Return.251,-0.672182,-0.741738,-0.796733,0.096572,0.748905,2.293578,0.0,-1.095863,0.164474,-1.691053
Return.252,-0.937012,-0.37364,-0.064573,-0.337675,0.280505,2.347287,0.0,-0.90655,-0.66313,-0.760464
Return.253,-1.681555,-0.816462,0.149423,-0.484027,0.377622,-0.517809,-1.893287,-1.997408,-0.019073,-1.378166
Return.254,-2.137894,-1.880605,-1.721844,-1.921206,-2.062143,-0.571079,-1.111111,-0.739012,-2.530841,-3.342858
Return.255,0.354997,0.071619,0.348761,0.644681,0.953194,1.063943,1.182732,1.026646,1.311326,0.728952
Return.256,0.462585,0.494155,0.498835,1.650653,0.807967,1.354724,1.578025,0.674889,0.360616,0.008041
Return.257,-1.218852,-1.163185,-0.439399,-2.084343,-1.719478,-0.148973,-1.726122,-1.220013,-1.796599,-1.256281
Return.258,-2.385522,-3.156631,-2.733848,-1.905941,-4.191361,-1.837999,-2.693208,-2.139941,-4.246978,-3.313995
Return.259,-3.960674,-5.080602,-5.247458,-7.595256,-0.054437,-3.136874,-5.655836,-3.106069,0.498124,-5.695097
Return.260,2.632349,2.478444,2.855496,2.129984,-3.708655,4.456697,3.954082,2.742205,-3.306627,3.199232
